name,error,ourFnSub,sbFnSub,ourWeekPaid,sbWeekPaid,ourWeekOop,sbWeekOop,ourFnOop,sbFnOop,ourFnFees,sbFnFees,ourPct,sbShownPct,unmodelled,dFnSub,dWeekPaid,dWeekOop,dFnOop,dFnFees,pass
edge income 0 one child,,810,810,384.75,384.75,65.25,65.25,130.5,130.5,900,900,90,90,,0,0,0,0,0,true
edge income 88519 one child,,810,810,384.75,384.75,65.25,65.25,130.5,130.5,900,900,90,90,,0,0,0,0,0,true
edge income 88520 one child,,810,810,384.75,384.75,65.25,65.25,130.5,130.5,900,900,90,90,,0,0,0,0,0,true
edge income 88521 one child,,810,810,384.75,384.75,65.25,65.25,130.5,130.5,900,900,90,90,,0,0,0,0,0,true
edge income 146436 one child,,705.6,705.6,335.16,335.16,114.84,114.84,229.68,229.68,900,900,78.42,78,,0,0,0,0,0,true
edge income 146437 one child,,705.6,705.6,335.16,335.16,114.84,114.84,229.68,229.68,900,900,78.42,78,,0,0,0,0,0,true
edge income 146438 one child,,705.6,705.6,335.16,335.16,114.84,114.84,229.68,229.68,900,900,78.42,78,,0,0,0,0,0,true
edge income 191436 one child,,624.6,624.6,296.69,296.69,153.32,153.32,306.63,306.63,900,900,69.42,69,,0,0,0,0,0,true
edge income 191437 one child,,624.6,624.6,296.69,296.69,153.32,153.32,306.63,306.63,900,900,69.42,69,,0,0,0,0,0,true
edge income 270726 one child,,481.8,481.8,228.86,228.86,221.15,221.15,442.29,442.29,900,900,53.56,54,,0,0,0,0,0,true
edge income 270727 one child,,481.8,481.8,228.86,228.86,221.15,221.15,442.29,442.29,900,900,53.56,54,,0,0,0,0,0,true
edge income 360726 one child,,319.8,319.8,151.91,151.91,298.1,298.1,596.19,596.19,900,900,35.56,36,,0,0,0,0,0,true
edge income 370725 one child,,301.8,301.8,143.35,143.35,306.65,306.65,613.29,613.29,900,900,33.56,34,,0,0,0,0,0,true
edge income 370726 one child,,301.8,301.8,143.35,143.35,306.65,306.65,613.29,613.29,900,900,33.56,34,,0,0,0,0,0,true
edge income 538519 one child,,0,0,0,0,450,450,900,900,900,900,0,0,,0,0,0,0,0,true
edge income 538520 one child,,0,0,0,0,450,450,900,900,900,900,0,0,,0,0,0,0,0,true
edge income 538521 one child,,0,0,0,0,450,450,900,900,900,900,0,0,,0,0,0,0,0,true
edge income 100000 two under 6,,1644.6,1644.6,781.19,781.19,118.82,118.82,237.63,237.63,1800,1800,87.7,88,,0,0,0,0,0,true
edge income 150000 two under 6,,1543.8,1543.8,733.31,733.31,166.7,166.7,333.39,333.39,1800,1800,77.7,78,,0,0,0,0,0,true
edge income 200000 two under 6,,1329.6,1329.6,631.56,631.56,268.44,268.44,536.88,536.88,1800,1800,67.7,68,,0,0,0,0,0,true
edge income 300000 two under 6,,1061.4,1061.4,504.17,504.17,395.84,395.84,791.67,791.67,1800,1800,47.7,48,,0,0,0,0,0,true
edge income 365000 two under 6,,762.6,762.6,362.24,362.24,537.77,537.77,1075.53,1075.53,1800,1800,34.7,35,,0,0,0,0,0,true
edge income 371000 two under 6,,603.6,603.6,286.7,286.7,613.3,613.3,1226.58,1226.58,1800,1800,33.5,34,,0,0,0,0,0,true
edge fee below cap,,602.4,602.4,286.14,286.14,73.86,73.86,147.72,147.72,720,720,83.7,84,,0,0,0,0,0,true
edge fee at cap,,762.6,762.6,362.24,362.24,93.47,93.47,186.93,186.93,911.4,911.4,83.7,84,,0,0,0,0,0,true
edge fee above cap,,762.6,762.6,362.24,362.24,237.77,237.77,475.53,475.53,1200,1200,83.7,84,,0,0,0,0,0,true
edge participation 48 → 72 hrs,,904.32,904.32,429.55,429.55,320.45,320.45,640.9,640.9,1500,1500,83.7,84,,0,0,0,0,0,true
edge participation 49 → 100 hrs,,1256,1256,596.6,596.6,153.4,153.4,306.8,306.8,1500,1500,83.7,84,,0,0,0,0,0,true
edge single parent,,810,810,384.75,384.75,65.25,65.25,130.5,130.5,900,900,90,90,,0,0,0,0,0,true
edge school-age OSHC,,251.1,251.1,119.27,119.27,30.73,30.73,61.46,61.46,300,300,83.7,84,,0,0,0,0,0,true
edge FDC,,652.8,652.8,310.08,310.08,79.92,79.92,159.84,159.84,780,780,83.7,84,,0,0,0,0,0,true
edge 12hr session over 100 hrs,,1046,1046,496.85,496.85,253.15,253.15,506.3,506.3,1500,1500,83.7,84,,0,0,0,0,0,true
edge three children mixed,,1528.86,1528.86,726.22,726.22,263.8,263.8,527.58,527.58,1980,1980,71.7,72,,0,0,0,0,0,true
gen-0,,786.2,786.2,373.45,373.45,1551.56,1551.56,3103.11,3103.11,3850,3850,90,90,,0,0,0,0,0,true
gen-1,,534.6,534.6,253.94,253.94,43.07,43.07,86.13,86.13,594,594,90,90,,0,0,0,0,0,true
gen-2,,861.84,861.84,409.38,409.38,235.63,235.63,471.25,471.25,1290,1290,90,90,,0,0,0,0,0,true
gen-3,,732.06,732.06,347.74,347.74,275.28,275.28,550.54,550.54,1246,1246,90,90,,0,0,0,0,0,true
gen-4,,952.8,952.8,452.58,452.58,299.42,299.42,598.84,598.84,1504,1504,78.42,78,,0,0,0,0,0,true
gen-5,,779.04,779.04,370.05,370.05,181.96,181.96,363.91,363.91,1104,1104,78.42,78,,0,0,0,0,0,true
gen-6,,1268.72,1268.72,602.64,602.64,300.36,300.36,600.72,600.72,1806,1806,78.42,78,,0,0,0,0,0,true
gen-7,,73.84,73.84,35.08,35.08,143.93,143.93,287.85,287.85,358,358,69.42,69,,0,0,0,0,0,true
gen-8,,1132.26,1132.26,537.83,537.83,947.19,947.19,1894.36,1894.36,2970,2970,69.42,69,,0,0,0,0,0,true
gen-9,,1321.6,1321.6,627.77,627.77,324.25,324.25,648.48,648.48,1904,1904,69.42,69,,0,0,0,0,0,true
gen-10,,858.64,391.36,407.86,185.9,659.15,336.11,1318.29,672.21,2134,1044,53.56,54,3,467.28,221.96,323.04,646.08,1090,false
gen-11,,490.08,490.08,232.79,232.79,576.22,576.22,1152.43,1152.43,1618,1618,53.56,54,,0,0,0,0,0,true
gen-12,,1673.4,1673.4,794.87,794.87,776.14,776.14,1552.27,1552.27,3142,3142,53.56,54,,0,0,0,0,0,true
gen-13,,129.6,129.6,61.56,61.56,151.44,151.44,302.88,302.88,426,426,35.56,36,,0,0,0,0,0,true
gen-14,,256.08,256.08,121.64,121.64,238.36,238.36,476.72,476.72,720,720,35.56,36,,0,0,0,0,0,true
gen-15,,345.6,345.6,164.16,164.16,321.84,321.84,643.68,643.68,972,972,35.56,36,,0,0,0,0,0,true
gen-16,,357.14,357.14,169.65,169.65,634.37,634.37,1268.72,1268.72,1608,1608,33.56,34,,0,0,0,0,0,true
gen-17,,707.76,707.76,336.18,336.18,1137.82,1137.82,2275.63,2275.63,2948,2948,33.56,34,,0,0,0,0,0,true
gen-18,,115.52,115.52,54.87,54.87,117.13,117.13,234.26,234.26,344,344,33.56,34,,0,0,0,0,0,true
gen-19,,0,0,0,0,95,95,190,190,190,190,0,0,,0,0,0,0,0,true
gen-20,,0,0,0,0,887,284,1774,568,1774,568,0,0,2,0,0,603,1206,1206,false
gen-21,,0,0,0,0,552,552,1104,1104,1104,1104,0,0,,0,0,0,0,0,true
gen-22,,1269.36,1269.36,602.95,602.95,670.06,670.06,1340.11,1340.11,2546,2546,90,90,,0,0,0,0,0,true
gen-23,,277.92,277.92,132.01,132.01,353.99,353.99,707.98,707.98,972,972,87.1,87,,0,0,0,0,0,true
gen-24,,26.64,26.64,12.66,12.66,260.35,260.35,520.69,520.69,546,546,9.1,9,,0,0,0,0,0,true
gen-25,,531.84,531.84,252.62,252.62,686.38,686.38,1372.75,1372.75,1878,1878,43.76,44,,0,0,0,0,0,true
gen-26,,147.6,147.6,70.11,70.11,413.89,413.89,827.78,827.78,968,968,16.94,17,,0,0,0,0,0,true
gen-27,,391.68,391.68,186.05,186.05,361.95,361.95,723.9,723.9,1096,1096,35.79,36,,0,0,0,0,0,true
gen-28,,325.44,325.44,154.59,154.59,550.42,550.42,1100.83,1100.83,1410,1410,32.12,32,,0,0,0,0,0,true
gen-29,,128.4,128.4,60.99,60.99,343.01,343.01,686.02,686.02,808,808,22.79,23,,0,0,0,0,0,true
gen-30,,95.76,95.76,45.49,45.49,222.52,222.52,445.03,445.03,536,536,90,90,,0,0,0,0,0,true
gen-31,,665.04,665.04,315.9,315.9,1706.11,1706.11,3412.21,3412.21,4044,4044,29.64,30,,0,0,0,0,0,true
gen-32,,287.28,287.28,136.46,136.46,424.54,424.54,849.08,849.08,1122,1122,90,90,,0,0,0,0,0,true
gen-33,,1096,1096,520.6,520.6,564.4,564.4,1128.8,1128.8,2170,2170,77.85,78,,0,0,0,0,0,true
gen-34,,397.44,397.44,188.79,188.79,531.22,531.22,1062.43,1062.43,1440,1440,81.76,82,,0,0,0,0,0,true
gen-35,,315.36,315.36,149.79,149.79,270.21,270.21,540.41,540.41,840,840,46.64,47,,0,0,0,0,0,true
gen-36,,115.92,115.92,55.07,55.07,1898.95,1898.95,3797.88,3797.88,3908,3908,4.81,5,,0,0,0,0,0,true
gen-37,,342,342,162.45,162.45,602.55,602.55,1205.1,1205.1,1530,1530,34.15,34,,0,0,0,0,0,true
gen-38,,47.88,47.88,22.75,22.75,70.26,70.26,140.51,140.51,186,186,25.7,26,,0,0,0,0,0,true
gen-39,,406.08,406.08,192.89,192.89,131.11,131.11,262.22,262.22,648,648,76.56,77,,0,0,0,0,0,true
gen-40,,151.2,151.2,71.82,71.82,653.18,653.18,1306.36,1306.36,1450,1450,11.56,12,,0,0,0,0,0,true
gen-41,,82.72,82.72,39.29,39.29,186.71,186.71,373.42,373.42,452,452,18.26,18,,0,0,0,0,0,true
gen-42,,389.44,389.44,184.98,184.98,1103.02,1103.02,2206.04,2206.04,2576,2576,19.61,20,,0,0,0,0,0,true
gen-43,,0,0,0,0,1060,1060,2120,2120,2120,2120,0,0,,0,0,0,0,0,true
gen-44,,0,0,0,0,274,274,548,548,548,548,0,0,,0,0,0,0,0,true
gen-45,,315.52,315.52,149.87,149.87,959.13,959.13,1918.26,1918.26,2218,2218,40.87,41,,0,0,0,0,0,true
gen-46,,579.48,579.48,275.26,275.26,46.75,46.75,93.49,93.49,644,644,90,90,,0,0,0,0,0,true
gen-47,,139.68,139.68,66.35,66.35,275.65,275.65,551.3,551.3,684,684,58.36,58,,0,0,0,0,0,true
gen-48,,154.8,154.8,73.53,73.53,69.47,69.47,138.94,138.94,286,286,54.13,54,,0,0,0,0,0,true
gen-49,,40,40,19,19,319,319,638,638,676,676,37.56,38,,0,0,0,0,0,true
gen-50,,490.32,490.32,232.91,232.91,1956.11,1956.11,3912.2,3912.2,4378,4378,19.63,20,,0,0,0,0,0,true
gen-51,,0,0,0,0,640,640,1280,1280,1280,1280,0,0,,0,0,0,0,0,true
gen-52,,1126.24,987.24,534.98,468.95,563.05,507.07,1126.07,1014.12,2196,1952,56.94,57,3,139,66.03,55.98,111.95,244,false
gen-53,,841.48,841.48,399.71,399.71,484.3,484.3,968.59,968.59,1768,1768,41.74,42,,0,0,0,0,0,true
gen-54,,501.6,501.6,238.26,238.26,49.74,49.74,99.48,99.48,576,576,89.07,89,,0,0,0,0,0,true
gen-55,,1096.5,1096.5,520.84,520.84,769.17,769.17,1538.33,1538.33,2580,2580,65.49,65,,0,0,0,0,0,true
gen-56,,52.8,52.8,25.08,25.08,222.92,222.92,445.84,445.84,496,496,33.07,33,,0,0,0,0,0,true
gen-57,,221.78,159.06,105.35,75.56,1210.65,916.44,2421.31,1832.89,2632,1984,9.69,10,2,62.72,29.79,294.21,588.42,648,false
gen-58,,184.32,184.32,87.55,87.55,281.45,281.45,562.9,562.9,738,738,24.93,25,,0,0,0,0,0,true
gen-59,,0,0,0,0,845,845,1690,1690,1690,1690,0,0,,0,0,0,0,0,true
gen-60,,2008.8,2008.8,954.19,954.19,140.82,140.82,281.64,281.64,2190,2190,90,90,,0,0,0,0,0,true
gen-61,,172.08,172.08,81.74,81.74,958.26,958.26,1916.52,1916.52,2080,2080,15.75,16,,0,0,0,0,0,true
gen-62,,238.32,238.32,113.2,113.2,674.8,674.8,1349.6,1349.6,1576,1576,74.63,75,,0,0,0,0,0,true
gen-63,,73.6,73.6,34.96,34.96,737.04,737.04,1474.08,1474.08,1544,1544,17.27,17,,0,0,0,0,0,true
gen-64,,64.56,64.56,30.67,30.67,401.34,401.34,802.67,802.67,864,864,40.45,40,,0,0,0,0,0,true
gen-65,,0,0,0,0,950,950,1900,1900,1900,1900,0,0,,0,0,0,0,0,true
gen-66,,263.8,263.8,125.31,125.31,562.7,562.7,1125.39,1125.39,1376,1376,54.74,55,,0,0,0,0,0,true
gen-67,,9.4,9.4,4.47,4.47,438.54,438.54,877.07,877.07,886,886,1.07,1,,0,0,0,0,0,true
gen-68,,716.32,716.32,340.26,340.26,353.75,353.75,707.49,707.49,1388,1388,48.32,71,,0,0,0,0,0,true
gen-69,,114.56,114.56,54.42,54.42,56.59,56.59,113.17,113.17,222,222,51.62,52,,0,0,0,0,0,true
gen-70,,140.64,140.64,66.81,66.81,329.2,329.2,658.39,658.39,792,792,66.11,66,,0,0,0,0,0,true
gen-71,,694.88,694.88,330.07,330.07,250.93,250.93,501.87,501.87,1162,1162,78.12,78,,0,0,0,0,0,true
gen-72,,928.8,928.8,441.18,441.18,74.82,74.82,149.64,149.64,1032,1032,90,90,,0,0,0,0,0,true
gen-73,,3.24,3.24,1.54,1.54,100.46,100.46,200.92,200.92,204,204,6.06,6,,0,0,0,0,0,true
gen-74,,0,0,0,0,2261,2261,4522,4522,4522,4522,0,0,,0,0,0,0,0,true
gen-75,,760.08,760.08,361.04,361.04,61.96,61.96,123.92,123.92,846,846,80.92,81,,0,0,0,0,0,true
gen-76,,847.52,847.52,402.58,402.58,218.43,218.43,436.85,436.85,1242,1242,76.33,76,,0,0,0,0,0,true
gen-77,,245.04,245.04,116.4,116.4,200.61,200.61,401.21,401.21,634,634,40.45,40,,0,0,0,0,0,true
gen-78,,355.84,355.84,169.03,169.03,702.98,702.98,1405.95,1405.95,1744,1744,22.88,23,,0,0,0,0,0,true
gen-79,,0,0,0,0,488,488,976,976,976,976,0,0,,0,0,0,0,0,true
gen-80,,197.28,197.28,93.71,93.71,734.29,734.29,1468.58,1468.58,1656,1656,18.04,18,,0,0,0,0,0,true
gen-81,,138.24,138.24,65.67,65.67,606.34,606.34,1212.67,1212.67,1344,1344,14.43,14,,0,0,0,0,0,true
gen-82,,239.4,239.4,113.72,113.72,966.29,966.29,1932.57,1932.57,2160,2160,90,90,,0,0,0,0,0,true
gen-83,,224.4,224.4,106.59,106.59,780.41,780.41,1560.82,1560.82,1774,1774,16.8,17,,0,0,0,0,0,true
gen-84,,126.4,126.4,60.04,60.04,285.96,285.96,571.92,571.92,692,692,59.43,59,,0,0,0,0,0,true
gen-85,,1114.56,1114.56,529.42,529.42,313.59,313.59,627.17,627.17,1686,1686,74.26,74,,0,0,0,0,0,true
gen-86,,380.16,380.16,180.58,180.58,63.43,63.43,126.85,126.85,488,488,77.91,78,,0,0,0,0,0,true
gen-87,,185.68,185.68,88.2,88.2,113.8,113.8,227.6,227.6,404,404,46,46,,0,0,0,0,0,true
gen-88,,149.76,149.76,71.14,71.14,140.87,140.87,281.73,281.73,424,424,35.34,35,,0,0,0,0,0,true
gen-89,,1075.92,1075.92,511.07,511.07,713.95,713.95,1427.88,1427.88,2450,2450,90,90,,0,0,0,0,0,true
gen-90,,1115,1115,529.63,529.63,582.38,582.38,1164.75,1164.75,2224,2224,80.85,81,,0,0,0,0,0,true
gen-91,,1346.34,1346.34,639.52,639.52,353.5,353.5,706.98,706.98,1986,1986,90,90,,0,0,0,0,0,true
gen-92,,99.12,99.12,47.08,47.08,362.92,362.92,725.84,725.84,820,820,54.41,54,,0,0,0,0,0,true
gen-93,,1509.96,1509.96,717.24,717.24,253.77,253.77,507.53,507.53,1942,1942,90,90,,0,0,0,0,0,true
gen-94,,1112.4,1112.4,528.39,528.39,667.61,667.61,1335.22,1335.22,2392,2392,72.28,72,,0,0,0,0,0,true
gen-95,,540.56,540.56,256.77,256.77,967.24,967.24,1934.47,1934.47,2448,2448,55.61,80,,0,0,0,0,0,true
gen-96,,324.24,324.24,154.01,154.01,756,756,1511.97,1511.97,1820,1820,22.23,22,,0,0,0,0,0,true
gen-97,,357.68,357.68,169.9,169.9,1721.1,1721.1,3442.2,3442.2,3782,3782,16.16,16,,0,0,0,0,0,true
gen-98,,65.56,65.56,31.14,31.14,64.86,64.86,129.72,129.72,192,192,34.19,34,,0,0,0,0,0,true
gen-99,,931.92,931.92,442.66,442.66,487.34,487.34,974.68,974.68,1860,1860,76.92,77,,0,0,0,0,0,true
gen-100,,176,176,83.6,83.6,536.4,536.4,1072.8,1072.8,1240,1240,15.57,16,,0,0,0,0,0,true
gen-101,,553.68,553.68,263,263,429,429,858,858,1384,1384,54.59,55,,0,0,0,0,0,true
gen-102,,195.78,195.78,93,93,180.01,180.01,360.01,360.01,546,546,56.63,57,,0,0,0,0,0,true
gen-103,,0,0,0,0,1301,1301,2602,2602,2602,2602,0,0,,0,0,0,0,0,true
gen-104,,25.2,25.2,11.97,11.97,576.03,576.03,1152.06,1152.06,1176,1176,2.46,2,,0,0,0,0,0,true
gen-105,,81,81,38.48,38.48,474.53,474.53,949.05,949.05,1026,1026,9.62,10,,0,0,0,0,0,true
gen-106,,839.28,472.8,398.66,224.58,883.35,393.43,1766.68,786.84,2564,1236,36.78,37,2,366.48,174.08,489.92,979.84,1328,false
gen-107,,744.12,744.12,353.47,353.47,452.55,452.55,905.08,905.08,1612,1612,52.96,53,,0,0,0,0,0,true
gen-108,,841,841,399.48,399.48,250.53,250.53,501.05,501.05,1300,1300,64.73,65,,0,0,0,0,0,true
gen-109,,379.52,379.52,180.27,180.27,113.73,113.73,227.46,227.46,588,588,78.06,78,,0,0,0,0,0,true
gen-110,,235.44,235.44,111.84,111.84,948.17,948.17,1896.33,1896.33,2120,2120,21.55,22,,0,0,0,0,0,true
gen-111,,482.28,482.28,229.09,229.09,95.92,95.92,191.83,191.83,650,650,90,95,,0,0,0,0,0,true
gen-112,,30.6,30.6,14.54,14.54,126.47,126.47,252.93,252.93,282,282,10.9,11,,0,0,0,0,0,true
gen-113,,0,0,0,0,1317,1317,2634,2634,2634,2634,0,0,,0,0,0,0,0,true
gen-114,,98.78,98.78,46.92,46.92,267.08,267.08,534.16,534.16,628,628,18.18,18,,0,0,0,0,0,true
gen-115,,9.18,9.18,4.36,4.36,185.64,185.64,371.28,371.28,380,380,11.48,11,,0,0,0,0,0,true
gen-116,,0,0,0,0,854,854,1708,1708,1708,1708,0,0,,0,0,0,0,0,true
gen-117,,0,0,0,0,511,511,1022,1022,1022,1022,0,0,,0,0,0,0,0,true
gen-118,,311.22,311.22,147.84,147.84,834.18,834.18,1668.34,1668.34,1964,1964,90,90,,0,0,0,0,0,true
gen-119,,1112.28,1112.28,528.34,528.34,503.68,503.68,1007.34,1007.34,2064,2064,90,90,,0,0,0,0,0,true
gen-120,,82.28,82.28,39.09,39.09,83.92,83.92,167.83,167.83,246,246,33.46,33,,0,0,0,0,0,true
gen-121,,467.94,467.94,222.28,222.28,276.74,276.74,553.46,553.46,998,998,60.64,80,,0,0,0,0,0,true
gen-122,,891.36,891.36,423.4,423.4,244.6,244.6,489.21,489.21,1336,1336,54.79,55,,0,0,0,0,0,true
gen-123,,313.92,313.92,149.11,149.11,134.89,134.89,269.78,269.78,568,568,55.24,55,,0,0,0,0,0,true
gen-124,,488.64,488.64,232.1,232.1,2010.9,2010.9,4021.8,4021.8,4486,4486,22.07,22,,0,0,0,0,0,true
gen-125,,19.52,19.52,9.27,9.27,529.73,529.73,1059.46,1059.46,1078,1078,2.94,3,,0,0,0,0,0,true
gen-126,,1059.06,1059.06,503.06,503.06,382.95,382.95,765.89,765.89,1772,1772,64.07,64,,0,0,0,0,0,true
gen-127,,123.04,123.04,58.45,58.45,329.56,329.56,659.11,659.11,776,776,57.79,58,,0,0,0,0,0,true
gen-128,,118.8,81.6,56.43,38.76,1064.57,761.24,2129.14,1522.48,2242,1600,5.81,6,2,37.2,17.67,303.33,606.66,642,false
gen-129,,875.52,875.52,415.87,415.87,669.13,669.13,1338.26,1338.26,2170,2170,80.04,80,,0,0,0,0,0,true
gen-130,,0,0,0,0,604,604,1208,1208,1208,1208,0,0,,0,0,0,0,0,true
gen-131,,0,0,0,0,1136,1136,2272,2272,2272,2272,0,0,,0,0,0,0,0,true
gen-132,,1299.2,1299.2,617.12,617.12,975.88,975.88,1951.76,1951.76,3186,3186,59.4,59,,0,0,0,0,0,true
gen-133,,1121.58,1121.58,532.75,532.75,196.25,196.25,392.5,392.5,1458,1458,82.47,95,,0,0,0,0,0,true
gen-134,,39.68,39.68,18.85,18.85,1226.15,1226.15,2452.3,2452.3,2490,2490,1.89,2,,0,0,0,0,0,true
gen-135,,531.9,531.9,252.66,252.66,915.35,915.35,1830.69,1830.69,2336,2336,53.14,53,,0,0,0,0,0,true
gen-136,,25.6,25.6,12.16,12.16,151.84,151.84,303.68,303.68,328,328,24.04,24,,0,0,0,0,0,true
gen-137,,0,0,0,0,376,376,752,752,752,752,0,0,,0,0,0,0,0,true
gen-138,,51.28,51.28,24.36,24.36,156.64,156.64,313.28,313.28,362,362,48.17,48,,0,0,0,0,0,true
gen-139,,174,174,82.65,82.65,713.35,713.35,1426.7,1426.7,1592,1592,54.5,55,,0,0,0,0,0,true
gen-140,,104.96,104.96,49.86,49.86,742.15,742.15,1484.29,1484.29,1584,1584,21.62,22,,0,0,0,0,0,true
gen-141,,255.64,255.64,121.43,121.43,62.57,62.57,125.14,125.14,368,368,69.52,70,,0,0,0,0,0,true
gen-142,,920.04,920.04,437.03,437.03,208.99,208.99,417.96,417.96,1292,1292,86.71,95,,0,0,0,0,0,true
gen-143,,422.62,422.62,200.75,200.75,269.26,269.26,538.51,538.51,940,940,41.07,41,,0,0,0,0,0,true
gen-144,,471.36,471.36,223.9,223.9,970.11,970.11,1940.21,1940.21,2388,2388,30.95,31,,0,0,0,0,0,true
gen-145,,51.84,51.84,24.63,24.63,301.38,301.38,602.75,602.75,652,652,10.22,10,,0,0,0,0,0,true
gen-146,,48.88,48.88,23.22,23.22,606.78,606.78,1213.56,1213.56,1260,1260,5.3,5,,0,0,0,0,0,true
gen-147,,1132.96,1132.96,538.16,538.16,603.84,603.84,1207.68,1207.68,2284,2284,51.13,51,,0,0,0,0,0,true
gen-148,,1164,1164,552.9,552.9,1012.1,1012.1,2024.2,2024.2,3130,3130,82.38,82,,0,0,0,0,0,true
gen-149,,0,0,0,0,84,84,168,168,168,168,0,0,,0,0,0,0,0,true
gen-150,,0,0,0,0,303,303,606,606,606,606,0,0,,0,0,0,0,0,true
gen-151,,401.28,401.28,190.61,190.61,259.39,259.39,518.78,518.78,900,900,44.59,45,,0,0,0,0,0,true
gen-152,,774.4,774.4,367.84,367.84,62.16,62.16,124.32,124.32,860,860,90,90,,0,0,0,0,0,true
gen-153,,137.28,137.28,65.21,65.21,393.79,393.79,787.58,787.58,918,918,42.97,43,,0,0,0,0,0,true
gen-154,,836,836,397.1,397.1,322.9,322.9,645.8,645.8,1440,1440,67.48,67,,0,0,0,0,0,true
gen-155,,61.32,61.32,29.13,29.13,1195.87,1195.87,2391.74,2391.74,2450,2450,6.13,6,,0,0,0,0,0,true
gen-156,,434.52,434.52,206.4,206.4,97.61,97.61,195.21,195.21,608,608,85.71,86,,0,0,0,0,0,true
gen-157,,1056.9,764.76,502.03,363.27,934.99,686.75,1869.95,1373.48,2874,2100,37.73,38,2,292.14,138.76,248.24,496.47,774,false
gen-158,,656.18,656.18,311.7,311.7,745.33,745.33,1490.63,1490.63,2114,2114,48.99,49,,0,0,0,0,0,true
gen-159,,149,149,70.78,70.78,784.23,784.23,1568.45,1568.45,1710,1710,55.98,56,,0,0,0,0,0,true
gen-160,,0,0,0,0,370,370,740,740,740,740,0,0,,0,0,0,0,0,true
gen-161,,145.4,62.6,69.07,29.74,1476.93,708.26,2953.87,1416.53,3092,1476,6.24,6,3,82.8,39.33,768.67,1537.34,1616,false
gen-162,,1956.24,1956.24,929.22,929.22,422.79,422.79,845.57,845.57,2704,2704,90,90,,0,0,0,0,0,true
gen-163,,0,0,0,0,405,405,810,810,810,810,0,0,,0,0,0,0,0,true
gen-164,,1780.16,1780.16,845.58,845.58,292.43,292.43,584.85,584.85,2276,2276,90,90,,0,0,0,0,0,true
gen-165,,624.4,624.4,296.6,296.6,951.42,951.42,1902.82,1902.82,2496,2496,29.82,30,,0,0,0,0,0,true
gen-166,,109.56,109.56,52.04,52.04,335.96,335.96,671.92,671.92,776,776,17.69,18,,0,0,0,0,0,true
gen-167,,210.96,210.96,100.21,100.21,709.8,709.8,1419.59,1419.59,1620,1620,14.46,14,,0,0,0,0,0,true
gen-168,,105.12,105.12,49.93,49.93,298.07,298.07,596.14,596.14,696,696,15.11,15,,0,0,0,0,0,true
gen-169,,3.6,3.6,1.71,1.71,526.29,526.29,1052.58,1052.58,1056,1056,0.38,0,,0,0,0,0,0,true
gen-170,,174.72,174.72,82.99,82.99,405.01,405.01,810.02,810.02,976,976,28,28,,0,0,0,0,0,true
gen-171,,71.82,71.82,34.12,34.12,119.89,119.89,239.77,239.77,308,308,90,90,,0,0,0,0,0,true
gen-172,,1896.02,1896.02,900.61,900.61,1558.4,1558.4,3116.79,3116.79,4918,4918,68.77,69,,0,0,0,0,0,true
gen-173,,218.72,218.72,103.89,103.89,21.11,21.11,42.22,42.22,250,250,90,90,,0,0,0,0,0,true
gen-174,,66.26,66.26,31.48,31.48,1565.54,1565.54,3131.06,3131.06,3194,3194,4.17,4,,0,0,0,0,0,true
gen-175,,96.04,96.04,45.62,45.62,513.38,513.38,1026.76,1026.76,1118,1118,11.62,12,,0,0,0,0,0,true
gen-176,,177.84,177.84,84.48,84.48,173.53,173.53,347.05,347.05,516,516,48.8,49,,0,0,0,0,0,true
gen-177,,95.04,95.04,45.15,45.15,370.86,370.86,741.71,741.71,832,832,19.56,20,,0,0,0,0,0,true
gen-178,,2232.72,2232.72,1060.54,1060.54,997.46,997.46,1994.92,1994.92,4116,4116,57.46,80,,0,0,0,0,0,true
gen-179,,615.66,615.66,292.44,292.44,696.56,696.56,1393.12,1393.12,1978,1978,38.66,39,,0,0,0,0,0,true
gen-180,,147.6,147.6,70.11,70.11,99.89,99.89,199.78,199.78,340,340,43.38,43,,0,0,0,0,0,true
gen-181,,654.48,654.48,310.88,310.88,279.12,279.12,558.24,558.24,1180,1180,84.71,85,,0,0,0,0,0,true
gen-182,,1073.52,1073.52,509.93,509.93,850.08,850.08,1700.15,1700.15,2720,2720,48.38,48,,0,0,0,0,0,true
gen-183,,0,0,0,0,393,393,786,786,786,786,0,0,,0,0,0,0,0,true
gen-184,,465,465,220.88,220.88,629.13,629.13,1258.25,1258.25,1700,1700,49.37,49,,0,0,0,0,0,true
gen-185,,0,0,0,0,1848,1848,3696,3696,3696,3696,0,0,,0,0,0,0,0,true
gen-186,,246.28,246.28,116.99,116.99,643.01,643.01,1286.03,1286.03,1520,1520,22.46,22,,0,0,0,0,0,true
gen-187,,0,0,0,0,632,632,1264,1264,1264,1264,0,0,,0,0,0,0,0,true
gen-188,,92.32,92.32,43.85,43.85,66.15,66.15,132.3,132.3,220,220,86.8,87,,0,0,0,0,0,true
gen-189,,54.68,54.68,25.98,25.98,131.03,131.03,262.05,262.05,314,314,90,90,,0,0,0,0,0,true
gen-190,,84.24,84.24,40.02,40.02,109.99,109.99,219.97,219.97,300,300,28.07,28,,0,0,0,0,0,true
gen-191,,6.84,6.84,3.25,3.25,340.75,340.75,681.5,681.5,688,688,1.37,1,,0,0,0,0,0,true
gen-192,,0,0,0,0,1176,1176,2352,2352,2352,2352,0,0,,0,0,0,0,0,true
gen-193,,150.12,150.12,71.31,71.31,194.7,194.7,389.39,389.39,532,532,28.21,28,,0,0,0,0,0,true
gen-194,,615.8,615.8,292.51,292.51,879.5,879.5,1758.99,1758.99,2344,2344,54.43,80,,0,0,0,0,0,true
gen-195,,537.66,537.66,255.39,255.39,924.62,924.62,1849.23,1849.23,2360,2360,35.28,35,,0,0,0,0,0,true
gen-196,,727.92,727.92,345.77,345.77,896.24,896.24,1792.47,1792.47,2484,2484,40.37,40,,0,0,0,0,0,true
gen-197,,24.48,24.48,11.63,11.63,362.37,362.37,724.74,724.74,748,748,11.52,12,,0,0,0,0,0,true
gen-198,,167.52,167.52,79.57,79.57,264.43,264.43,528.86,528.86,688,688,24.38,24,,0,0,0,0,0,true
gen-199,,185.44,185.44,88.09,88.09,675.92,675.92,1351.83,1351.83,1528,1528,13.35,13,,0,0,0,0,0,true
gen-200,,6.48,6.48,3.08,3.08,128.92,128.92,257.84,257.84,264,264,2.46,2,,0,0,0,0,0,true
gen-201,,170.64,170.64,81.06,81.06,431.95,431.95,863.89,863.89,1026,1026,71.26,71,,0,0,0,0,0,true
gen-202,,829.8,459,394.16,218.03,589.85,325.98,1179.69,651.95,1968,1088,42.18,42,3,370.8,176.13,263.87,527.74,880,false
gen-203,,389.2,389.2,184.87,184.87,778.14,778.14,1556.26,1556.26,1926,1926,43.75,44,,0,0,0,0,0,true
gen-204,,373.44,373.44,177.38,177.38,1028.62,1028.62,2057.24,2057.24,2412,2412,87.71,88,,0,0,0,0,0,true
gen-205,,0,0,0,0,462,462,924,924,924,924,0,0,,0,0,0,0,0,true
gen-206,,123.84,123.84,58.83,58.83,195.18,195.18,390.35,390.35,508,508,77.61,78,,0,0,0,0,0,true
gen-207,,33.84,33.84,16.08,16.08,583.92,583.92,1167.85,1167.85,1200,1200,4.69,5,,0,0,0,0,0,true
gen-208,,795.5,795.5,377.87,377.87,353.14,353.14,706.27,706.27,1462,1462,83.88,84,,0,0,0,0,0,true
gen-209,,782.68,782.68,371.78,371.78,345.23,345.23,690.45,690.45,1434,1434,70.9,82,,0,0,0,0,0,true
gen-210,,0,0,0,0,496,496,992,992,992,992,0,0,,0,0,0,0,0,true
gen-211,,523,523,248.43,248.43,396.58,396.58,793.15,793.15,1290,1290,44.63,45,,0,0,0,0,0,true
gen-212,,2797.44,2797.44,1328.8,1328.8,728.23,728.23,1456.43,1456.43,4114,4114,90,90,,0,0,0,0,0,true
gen-213,,493.92,493.92,234.62,234.62,838.39,838.39,1676.77,1676.77,2146,2146,27.82,28,,0,0,0,0,0,true
gen-214,,90,90,42.75,42.75,149.25,149.25,298.5,298.5,384,384,31.94,32,,0,0,0,0,0,true
gen-215,,957.6,957.6,454.86,454.86,340.14,340.14,680.28,680.28,1590,1590,87.54,88,,0,0,0,0,0,true
gen-216,,167.52,167.52,79.57,79.57,527.43,527.43,1054.86,1054.86,1214,1214,32.2,32,,0,0,0,0,0,true
gen-217,,1691.6,1691.6,803.51,803.51,761.49,761.49,1522.98,1522.98,3130,3130,50.39,75,,0,0,0,0,0,true
gen-218,,239.4,239.4,113.72,113.72,431.29,431.29,862.57,862.57,1090,1090,90,90,,0,0,0,0,0,true
gen-219,,64.08,64.08,30.44,30.44,844.56,844.56,1689.12,1689.12,1750,1750,5.06,5,,0,0,0,0,0,true
gen-220,,134.72,134.72,63.99,63.99,58.01,58.01,116.02,116.02,244,244,55.41,55,,0,0,0,0,0,true
gen-221,,0,0,0,0,1146,430,2292,860,2292,860,0,0,2,0,0,716,1432,1432,false
gen-222,,721.44,721.44,342.69,342.69,451.32,451.32,902.63,902.63,1588,1588,53.31,53,,0,0,0,0,0,true
gen-223,,547.14,547.14,259.89,259.89,109.11,109.11,218.22,218.22,738,738,74.11,74,,0,0,0,0,0,true
gen-224,,372.72,372.72,177.04,177.04,29.96,29.96,59.92,59.92,414,414,90,90,,0,0,0,0,0,true
gen-225,,142.92,142.92,67.89,67.89,148.12,148.12,296.23,296.23,432,432,56.4,56,,0,0,0,0,0,true
gen-226,,66,66,31.35,31.35,382.65,382.65,765.3,765.3,828,828,7.96,8,,0,0,0,0,0,true
gen-227,,879,879,417.53,417.53,736.48,736.48,1472.95,1472.95,2308,2308,62.7,63,,0,0,0,0,0,true
gen-228,,506.8,506.8,240.73,240.73,85.27,85.27,170.54,170.54,652,652,90,90,,0,0,0,0,0,true
gen-229,,96.4,96.4,45.79,45.79,844.21,844.21,1688.42,1688.42,1780,1780,36.25,36,,0,0,0,0,0,true
gen-230,,1329.2,1329.2,631.37,631.37,176.63,176.63,353.26,353.26,1616,1616,85.95,86,,0,0,0,0,0,true
gen-231,,84.8,84.8,40.29,40.29,202.73,202.73,405.44,405.44,486,486,17.44,17,,0,0,0,0,0,true
gen-232,,144.72,144.72,68.74,68.74,171.26,171.26,342.52,342.52,480,480,30.19,30,,0,0,0,0,0,true
gen-233,,1367,1367,649.33,649.33,395.68,395.68,791.35,791.35,2090,2090,90,90,,0,0,0,0,0,true
gen-234,,722.04,722.04,342.98,342.98,62.04,62.04,124.06,124.06,810,810,89.13,89,,0,0,0,0,0,true
gen-235,,820.26,820.26,389.63,389.63,507.38,507.38,1014.75,1014.75,1794,1794,90,90,,0,0,0,0,0,true
gen-236,,488.64,488.64,232.11,232.11,783.9,783.9,1567.79,1567.79,2032,2032,29.83,30,,0,0,0,0,0,true
gen-237,,92.8,92.8,44.08,44.08,703.92,703.92,1407.84,1407.84,1496,1496,10.27,10,,0,0,0,0,0,true
gen-238,,311.2,311.2,147.82,147.82,292.18,292.18,584.36,584.36,880,880,35.35,35,,0,0,0,0,0,true
gen-239,,1758.64,1758.64,835.36,835.36,640.65,640.65,1281.29,1281.29,2952,2952,54.71,80,,0,0,0,0,0,true
gen-240,,694.4,694.4,329.84,329.84,486.16,486.16,972.32,972.32,1632,1632,71.4,71,,0,0,0,0,0,true
gen-241,,79.36,79.36,37.7,37.7,1346.31,1346.31,2692.61,2692.61,2768,2768,12.74,13,,0,0,0,0,0,true
gen-242,,762.28,762.28,362.09,362.09,327.92,327.92,655.83,655.83,1380,1380,60.54,61,,0,0,0,0,0,true
gen-243,,252,252,119.7,119.7,460.3,460.3,920.6,920.6,1160,1160,33.21,33,,0,0,0,0,0,true
gen-244,,1195.52,1195.52,567.87,567.87,612.13,612.13,1224.26,1224.26,2360,2360,68.29,68,,0,0,0,0,0,true
gen-245,,118.56,118.56,56.32,56.32,407.69,407.69,815.37,815.37,928,928,14.08,14,,0,0,0,0,0,true
gen-246,,1113.84,1113.84,529.08,529.08,116.93,116.93,233.85,233.85,1292,1292,90,90,,0,0,0,0,0,true
gen-247,,832.32,832.32,395.36,395.36,709.66,709.66,1419.3,1419.3,2210,2210,56.68,80,,0,0,0,0,0,true
gen-248,,444.64,444.64,211.2,211.2,1258.8,1258.8,2517.6,2517.6,2940,2940,59.69,60,,0,0,0,0,0,true
gen-249,,172.4,172.4,81.89,81.89,653.11,653.11,1306.22,1306.22,1470,1470,64.82,65,,0,0,0,0,0,true
gen-250,,66.3,66.3,31.49,31.49,142.51,142.51,285.02,285.02,348,348,83.06,83,,0,0,0,0,0,true
gen-251,,722.88,722.88,343.37,343.37,506.63,506.63,1013.26,1013.26,1700,1700,39.33,56,,0,0,0,0,0,true
gen-252,,1270.52,788.92,603.5,374.74,708.51,473.27,1417.01,946.53,2624,1696,51.9,52,3,481.6,228.76,235.24,470.48,928,false
gen-253,,1689.12,1689.12,802.34,802.34,1281.67,1281.67,2563.33,2563.33,4168,4168,62.46,62,,0,0,0,0,0,true
gen-254,,837,837,397.58,397.58,739.43,739.43,1478.85,1478.85,2274,2274,54.52,55,,0,0,0,0,0,true
gen-255,,1612,1612,765.7,765.7,234.3,234.3,468.6,468.6,2000,2000,90,90,,0,0,0,0,0,true
gen-256,,167.76,167.76,79.69,79.69,525.32,525.32,1050.63,1050.63,1210,1210,21.22,21,,0,0,0,0,0,true
gen-257,,752.76,752.76,357.57,357.57,1152.45,1152.45,2304.88,2304.88,3020,3020,90,90,,0,0,0,0,0,true
gen-258,,190.08,190.08,90.29,90.29,307.71,307.71,615.42,615.42,796,796,37.53,38,,0,0,0,0,0,true
gen-259,,390.6,390.6,185.54,185.54,31.47,31.47,62.93,62.93,434,434,90,90,,0,0,0,0,0,true
gen-260,,28.56,28.56,13.57,13.57,523.43,523.43,1046.87,1046.87,1074,1074,8.93,9,,0,0,0,0,0,true
gen-261,,138.4,138.4,65.74,65.74,149.26,149.26,298.52,298.52,430,430,32.2,32,,0,0,0,0,0,true
gen-262,,0,0,0,0,1324,1324,2648,2648,2648,2648,0,0,,0,0,0,0,0,true
gen-263,,641.92,641.92,304.92,304.92,288.09,288.09,576.17,576.17,1186,1186,49.7,50,,0,0,0,0,0,true
gen-264,,265.6,265.6,126.16,126.16,1858.84,1858.84,3717.68,3717.68,3970,3970,24.97,25,,0,0,0,0,0,true
gen-265,,68.2,68.2,32.4,32.4,772.61,772.61,1545.21,1545.21,1610,1610,25.66,26,,0,0,0,0,0,true
gen-266,,327.68,327.68,155.65,155.65,260.35,260.35,520.7,520.7,832,832,67.42,67,,0,0,0,0,0,true
gen-267,,595.36,595.36,282.8,282.8,172.2,172.2,344.4,344.4,910,910,66,80,,0,0,0,0,0,true
gen-268,,799.2,799.2,379.62,379.62,154.38,154.38,308.76,308.76,1068,1068,74.81,75,,0,0,0,0,0,true
gen-269,,690,690,327.75,327.75,329.25,329.25,658.5,658.5,1314,1314,52.49,52,,0,0,0,0,0,true
gen-270,,2452.96,2452.96,1165.16,1165.16,480.85,480.85,961.69,961.69,3292,3292,90,95,,0,0,0,0,0,true
gen-271,,30.56,30.56,14.52,14.52,407.49,407.49,814.97,814.97,844,844,14.39,14,,0,0,0,0,0,true
gen-272,,11.64,11.64,5.53,5.53,144.47,144.47,288.94,288.94,300,300,19.18,19,,0,0,0,0,0,true
gen-273,,739.86,739.86,351.44,351.44,59.57,59.57,119.13,119.13,822,822,90,90,,0,0,0,0,0,true
gen-274,,288.24,288.24,136.92,136.92,40.09,40.09,80.17,80.17,354,354,81.4,81,,0,0,0,0,0,true
gen-275,,147.84,147.84,70.22,70.22,111.78,111.78,223.55,223.55,364,364,40.58,41,,0,0,0,0,0,true
gen-276,,352.24,352.24,167.31,167.31,695.69,695.69,1391.38,1391.38,1726,1726,31.66,32,,0,0,0,0,0,true
gen-277,,192.96,192.96,91.66,91.66,178.35,178.35,356.69,356.69,540,540,39.73,40,,0,0,0,0,0,true
gen-278,,283.32,283.32,134.58,134.58,328.43,328.43,656.85,656.85,926,926,38.38,38,,0,0,0,0,0,true
gen-279,,358.82,358.82,170.45,170.45,700.57,700.57,1401.12,1401.12,1742,1742,24.11,24,,0,0,0,0,0,true
gen-280,,1332.6,1017.6,632.99,483.36,618.02,545.64,1236.03,1091.28,2502,2058,70.97,71,2,315,149.63,72.38,144.75,444,false
gen-281,,374.44,374.44,177.86,177.86,30.14,30.14,60.28,60.28,416,416,90,90,,0,0,0,0,0,true
gen-282,,520.32,520.32,247.15,247.15,432.85,432.85,865.7,865.7,1360,1360,53.49,53,,0,0,0,0,0,true
gen-283,,151.2,151.2,71.82,71.82,579.18,579.18,1158.36,1158.36,1302,1302,30.39,30,,0,0,0,0,0,true
gen-284,,173.7,173.7,82.51,82.51,427.5,427.5,854.99,854.99,1020,1020,72.55,73,,0,0,0,0,0,true
gen-285,,168.12,168.12,79.86,79.86,338.15,338.15,676.29,676.29,836,836,27.78,28,,0,0,0,0,0,true
gen-286,,250.24,250.24,118.86,118.86,383.14,383.14,766.27,766.27,1004,1004,50.38,50,,0,0,0,0,0,true
gen-287,,209.88,209.88,99.7,99.7,103.31,103.31,206.61,206.61,406,406,51.69,52,,0,0,0,0,0,true
gen-288,,182.16,182.16,86.53,86.53,485.48,485.48,970.95,970.95,1144,1144,19.44,19,,0,0,0,0,0,true
gen-289,,85.68,85.68,40.7,40.7,161.3,161.3,322.6,322.6,404,404,21.18,21,,0,0,0,0,0,true
gen-290,,550.56,550.56,261.52,261.52,2112.49,2112.49,4224.97,4224.97,4748,4748,24.04,24,,0,0,0,0,0,true
gen-291,,43.28,43.28,20.56,20.56,117.44,117.44,234.88,234.88,276,276,40.7,41,,0,0,0,0,0,true
gen-292,,314.64,314.64,149.46,149.46,305.55,305.55,611.09,611.09,910,910,57.66,58,,0,0,0,0,0,true
gen-293,,969.3,969.3,460.42,460.42,879.59,879.59,1759.17,1759.17,2680,2680,55.27,55,,0,0,0,0,0,true
gen-294,,300.48,300.48,142.73,142.73,157.27,157.27,314.54,314.54,600,600,50.07,50,,0,0,0,0,0,true
gen-295,,1959.4,1959.4,930.72,930.72,226.29,226.29,452.57,452.57,2314,2314,90,90,,0,0,0,0,0,true
gen-296,,388.64,388.64,184.61,184.61,1044.4,1044.4,2088.79,2088.79,2458,2458,19.74,20,,0,0,0,0,0,true
gen-297,,999.36,999.36,474.7,474.7,80.31,80.31,160.61,160.61,1110,1110,90,90,,0,0,0,0,0,true
gen-298,,2.6,2.6,1.24,1.24,1528.77,1528.77,3057.53,3057.53,3060,3060,0.15,0,,0,0,0,0,0,true
gen-299,,1036.16,1036.16,492.18,492.18,328.83,328.83,657.65,657.65,1642,1642,59.72,60,,0,0,0,0,0,true
gen-300,,173.16,173.16,82.25,82.25,163.75,163.75,327.5,327.5,492,492,35.2,35,,0,0,0,0,0,true
gen-301,,324.28,324.28,154.04,154.04,235.98,235.98,471.94,471.94,780,780,33.84,50,,0,0,0,0,0,true
gen-302,,684.18,684.18,324.99,324.99,179.02,179.02,358.03,358.03,1008,1008,90,90,,0,0,0,0,0,true
gen-303,,1283.84,1283.84,609.82,609.82,548.18,548.18,1096.36,1096.36,2316,2316,74.46,74,,0,0,0,0,0,true
gen-304,,37.44,37.44,17.79,17.79,68.22,68.22,136.43,136.43,172,172,21.79,22,,0,0,0,0,0,true
gen-305,,831.04,831.04,394.75,394.75,1132.26,1132.26,2264.51,2264.51,3054,3054,38.22,38,,0,0,0,0,0,true
gen-306,,133.52,133.52,63.43,63.43,1057.58,1057.58,2115.16,2115.16,2242,2242,9.75,10,,0,0,0,0,0,true
gen-307,,303.4,109.8,144.12,52.16,1337.89,484.85,2675.77,969.69,2964,1074,10.23,10,2,193.6,91.96,853.04,1706.08,1890,false
gen-308,,273,273,129.68,129.68,680.33,680.33,1360.65,1360.65,1620,1620,68.4,68,,0,0,0,0,0,true
gen-309,,440.88,440.88,209.42,209.42,417.58,417.58,835.16,835.16,1254,1254,43.98,44,,0,0,0,0,0,true
gen-310,,766.88,766.88,364.27,364.27,492.74,492.74,985.47,985.47,1714,1714,89.76,90,,0,0,0,0,0,true
gen-311,,209,209,99.27,99.27,375.73,375.73,751.45,751.45,950,950,21.98,22,,0,0,0,0,0,true
gen-312,,440,440,209.01,209.01,727.01,727.01,1454,1454,1872,1872,29.67,30,,0,0,0,0,0,true
gen-313,,912.24,912.24,433.32,433.32,106.69,106.69,213.37,213.37,1080,1080,90,90,,0,0,0,0,0,true
gen-314,,149.76,149.76,71.14,71.14,884.87,884.87,1769.73,1769.73,1912,1912,7.8,8,,0,0,0,0,0,true
gen-315,,947.28,947.28,449.96,449.96,647.05,647.05,1294.09,1294.09,2194,2194,63.73,64,,0,0,0,0,0,true
gen-316,,240.6,240.6,114.29,114.29,176.72,176.72,353.43,353.43,582,582,48.88,49,,0,0,0,0,0,true
gen-317,,1381.76,1381.76,656.34,656.34,135.67,135.67,271.33,271.33,1584,1584,87.23,87,,0,0,0,0,0,true
gen-318,,270.24,270.24,128.37,128.37,203.64,203.64,407.27,407.27,664,664,40.73,41,,0,0,0,0,0,true
gen-319,,268.56,268.56,127.57,127.57,302.44,302.44,604.87,604.87,860,860,38.99,39,,0,0,0,0,0,true
gen-320,,1820.5,1820.5,864.74,864.74,133.27,133.27,266.53,266.53,1996,1996,85.69,95,,0,0,0,0,0,true
gen-321,,725.04,725.04,344.4,344.4,661.6,661.6,1323.21,1323.21,2012,2012,90,90,,0,0,0,0,0,true
gen-322,,542.46,542.46,257.67,257.67,668.34,668.34,1336.67,1336.67,1852,1852,80.6,81,,0,0,0,0,0,true
gen-323,,154.44,154.44,73.37,73.37,1343.65,1343.65,2687.28,2687.28,2834,2834,8,8,,0,0,0,0,0,true
gen-324,,163.44,163.44,77.64,77.64,186.37,186.37,372.73,372.73,528,528,30.98,31,,0,0,0,0,0,true
gen-325,,381.24,381.24,181.09,181.09,162.91,162.91,325.82,325.82,688,688,55.43,55,,0,0,0,0,0,true
gen-326,,176,176,83.6,83.6,348.4,348.4,696.8,696.8,864,864,82.72,83,,0,0,0,0,0,true
gen-327,,97.4,97.4,46.27,46.27,44.74,44.74,89.47,89.47,182,182,53.51,54,,0,0,0,0,0,true
gen-328,,880.56,880.56,418.27,418.27,142.74,142.74,285.47,285.47,1122,1122,69.88,81,,0,0,0,0,0,true
gen-329,,1896.4,1896.4,900.79,900.79,398.21,398.21,796.42,796.42,2598,2598,90,95,,0,0,0,0,0,true
gen-330,,332,332,157.7,157.7,316.3,316.3,632.6,632.6,948,948,34.84,35,,0,0,0,0,0,true
gen-331,,901.6,901.6,428.27,428.27,1055.75,1055.75,2111.48,2111.48,2968,2968,62.64,63,,0,0,0,0,0,true
gen-332,,316.92,316.92,150.54,150.54,1449.47,1449.47,2898.93,2898.93,3200,3200,15.96,16,,0,0,0,0,0,true
gen-333,,271.44,271.44,128.94,128.94,33.07,33.07,66.13,66.13,324,324,83.76,84,,0,0,0,0,0,true
gen-334,,576.96,576.96,274.06,274.06,533.95,533.95,1067.89,1067.89,1616,1616,39.53,40,,0,0,0,0,0,true
gen-335,,86.48,86.48,41.08,41.08,138.92,138.92,277.84,277.84,360,360,81.27,81,,0,0,0,0,0,true
gen-336,,1298.16,1298.16,616.63,616.63,278.38,278.38,556.75,556.75,1790,1790,80.58,81,,0,0,0,0,0,true
gen-337,,104.34,104.34,49.57,49.57,362.44,362.44,724.87,724.87,824,824,18.66,19,,0,0,0,0,0,true
gen-338,,169.08,169.08,80.32,80.32,1016.69,1016.69,2033.37,2033.37,2194,2194,12.02,12,,0,0,0,0,0,true
gen-339,,61.2,61.2,29.07,29.07,782.93,782.93,1565.86,1565.86,1624,1624,4.62,5,,0,0,0,0,0,true
gen-340,,134.88,134.88,64.07,64.07,299.93,299.93,599.86,599.86,728,728,20.79,21,,0,0,0,0,0,true
gen-341,,924.4,714.96,439.1,339.61,262.92,203.4,525.82,406.79,1404,1086,65.86,66,2,209.44,99.49,59.52,119.03,318,false
gen-342,,1538,1538,730.55,730.55,661.45,661.45,1322.9,1322.9,2784,2784,72.79,73,,0,0,0,0,0,true
gen-343,,55,55,26.13,26.13,105.88,105.88,211.75,211.75,264,264,20.82,21,,0,0,0,0,0,true
gen-344,,48.96,48.96,23.26,23.26,504.75,504.75,1009.49,1009.49,1056,1056,13.45,13,,0,0,0,0,0,true
gen-345,,375.2,375.2,178.22,178.22,131.78,131.78,263.56,263.56,620,620,66.59,67,,0,0,0,0,0,true
gen-346,,649.8,649.8,308.65,308.65,204.35,204.35,408.69,408.69,1026,1026,71.28,71,,0,0,0,0,0,true
gen-347,,1902.2,1902.2,903.55,903.55,406.46,406.46,812.91,812.91,2620,2620,81.17,81,,0,0,0,0,0,true
gen-348,,354.24,354.24,168.27,168.27,77.74,77.74,155.47,155.47,492,492,71.95,72,,0,0,0,0,0,true
gen-349,,181.28,181.28,86.11,86.11,359.89,359.89,719.79,719.79,892,892,30.63,31,,0,0,0,0,0,true
gen-350,,1760.74,1760.74,836.36,836.36,1016.66,1016.66,2033.3,2033.3,3706,3706,88.18,88,,0,0,0,0,0,true
gen-351,,1690.8,1690.8,803.13,803.13,157.87,157.87,315.74,315.74,1922,1922,90,95,,0,0,0,0,0,true
gen-352,,1249.2,1249.2,593.37,593.37,150.63,150.63,301.26,301.26,1488,1488,90,90,,0,0,0,0,0,true
gen-353,,621.36,621.36,295.15,295.15,314.86,314.86,629.71,629.71,1220,1220,77.82,78,,0,0,0,0,0,true
gen-354,,229.4,229.4,108.97,108.97,45.04,45.04,90.07,90.07,308,308,75.54,76,,0,0,0,0,0,true
gen-355,,116.64,116.64,55.41,55.41,700.6,700.6,1401.19,1401.19,1512,1512,54.83,55,,0,0,0,0,0,true
gen-356,,967.92,967.92,459.76,459.76,607.24,607.24,1214.48,1214.48,2134,2134,83.9,84,,0,0,0,0,0,true
gen-357,,4.2,4.2,2,2,650.01,650.01,1300.01,1300.01,1304,1304,0.55,1,,0,0,0,0,0,true
gen-358,,120.8,120.8,57.38,57.38,687.62,687.62,1375.24,1375.24,1490,1490,45.39,45,,0,0,0,0,0,true
gen-359,,41.76,41.76,19.84,19.84,584.17,584.17,1168.33,1168.33,1208,1208,4.19,4,,0,0,0,0,0,true
gen-360,,513.48,513.48,243.91,243.91,179.1,179.1,358.19,358.19,846,846,60.68,61,,0,0,0,0,0,true
gen-361,,995.44,995.44,472.84,472.84,917.17,917.17,1834.33,1834.33,2780,2780,64.14,64,,0,0,0,0,0,true
gen-362,,646.38,646.38,307.03,307.03,951.97,951.97,1903.94,1903.94,2518,2518,90,90,,0,0,0,0,0,true
gen-363,,2147.84,2147.84,1020.22,1020.22,972.78,972.78,1945.56,1945.56,3986,3986,82.39,82,,0,0,0,0,0,true
gen-364,,340.56,340.56,161.76,161.76,743.24,743.24,1486.47,1486.47,1810,1810,31.14,31,,0,0,0,0,0,true
gen-365,,1169.16,1169.16,555.35,555.35,683.65,683.65,1367.3,1367.3,2478,2478,81.98,82,,0,0,0,0,0,true
gen-366,,66.64,66.64,31.66,31.66,1071.35,1071.35,2142.69,2142.69,2206,2206,3.71,4,,0,0,0,0,0,true
gen-367,,0,0,0,0,468,468,936,936,936,936,0,0,,0,0,0,0,0,true
gen-368,,0,0,0,0,202,202,404,404,404,404,0,0,,0,0,0,0,0,true
gen-369,,637.92,637.92,303.01,303.01,356.99,356.99,713.98,713.98,1320,1320,58.36,58,,0,0,0,0,0,true
gen-370,,770.4,770.4,365.94,365.94,169.06,169.06,338.12,338.12,1070,1070,90,90,,0,0,0,0,0,true
gen-371,,257.6,257.6,122.36,122.36,565.64,565.64,1131.28,1131.28,1376,1376,30.09,30,,0,0,0,0,0,true
gen-372,,67.14,67.14,31.89,31.89,129.11,129.11,258.22,258.22,322,322,26.47,26,,0,0,0,0,0,true
gen-373,,557.28,557.28,264.71,264.71,47.29,47.29,94.58,94.58,624,624,89.35,89,,0,0,0,0,0,true
gen-374,,342.74,342.74,162.81,162.81,149.21,149.21,298.4,298.4,624,624,54.94,55,,0,0,0,0,0,true
gen-375,,376,376,178.6,178.6,541.4,541.4,1082.8,1082.8,1440,1440,31.35,31,,0,0,0,0,0,true
gen-376,,442.8,442.8,210.33,210.33,230.67,230.67,461.34,461.34,882,882,53.95,54,,0,0,0,0,0,true
gen-377,,958,958,455.05,455.05,994.95,994.95,1989.9,1989.9,2900,2900,72.04,72,,0,0,0,0,0,true
gen-378,,20.64,20.64,9.81,9.81,338.2,338.2,676.39,676.39,696,696,9.72,10,,0,0,0,0,0,true
gen-379,,68.86,68.86,32.71,32.71,115.29,115.29,230.58,230.58,296,296,23.23,23,,0,0,0,0,0,true
gen-380,,104.16,104.16,49.48,49.48,916.53,916.53,1833.05,1833.05,1932,1932,11.45,11,,0,0,0,0,0,true
gen-381,,426.28,257.88,202.49,122.5,267.52,206.51,535.03,413.01,940,658,59.73,60,2,168.4,79.99,61.01,122.02,282,false
gen-382,,0,0,0,0,1077,1077,2154,2154,2154,2154,0,0,,0,0,0,0,0,true
gen-383,,15,15,7.13,7.13,1042.88,1042.88,2085.75,2085.75,2100,2100,5.61,6,,0,0,0,0,0,true
gen-384,,1816.34,1241.94,862.76,589.92,922.24,643.08,1844.48,1286.16,3570,2466,52.04,77,3,574.4,272.84,279.16,558.32,1104,false
gen-385,,1446.44,542.12,687.06,257.51,374.95,140.5,749.89,280.99,2124,796,68.08,68,3,904.32,429.55,234.45,468.9,1328,false
gen-386,,301.68,153.36,143.3,72.85,1946.71,927.16,3893.41,1854.31,4180,2000,8.51,9,2,148.32,70.45,1019.55,2039.1,2180,false
gen-387,,3.2,3.2,1.53,1.53,2114.48,2114.48,4228.95,4228.95,4232,4232,0.16,0,,0,0,0,0,0,true
gen-388,,85.62,85.62,40.67,40.67,188.34,188.34,376.67,376.67,458,458,26.84,27,,0,0,0,0,0,true
gen-389,,443.2,214.96,210.53,102.11,1854.49,902.9,3708.96,1805.79,4130,2010,14.96,15,3,228.24,108.42,951.59,1903.17,2120,false
gen-390,,167.52,167.52,79.58,79.58,538.43,538.43,1076.85,1076.85,1236,1236,24.8,25,,0,0,0,0,0,true
gen-391,,90.54,90.54,43.01,43.02,1193,1193,2385.99,2385.98,2472,2472,8.66,9,,0,-0.01,0,0.01,0,true
gen-392,,1093.6,1093.6,519.46,519.46,555.54,555.54,1111.08,1111.08,2150,2150,90,90,,0,0,0,0,0,true
gen-393,,44.4,44.4,21.09,21.09,159.91,159.91,319.82,319.82,362,362,55.63,56,,0,0,0,0,0,true
gen-394,,62.4,62.4,29.64,29.64,54.36,54.36,108.72,108.72,168,168,37.14,37,,0,0,0,0,0,true
gen-395,,0,0,0,0,84,84,168,168,168,168,0,0,,0,0,0,0,0,true
gen-396,,68.8,68.8,32.68,32.68,661.32,661.32,1322.64,1322.64,1388,1388,5.13,5,,0,0,0,0,0,true
gen-397,,1242.86,1242.86,590.37,590.37,266.65,266.65,533.28,533.28,1714,1714,77.03,93,,0,0,0,0,0,true
gen-398,,569.6,569.6,270.57,270.57,1517.45,1517.45,3034.88,3034.88,3576,3576,21.8,22,,0,0,0,0,0,true
gen-399,,0,0,0,0,328,328,656,656,656,656,0,0,,0,0,0,0,0,true
gen-400,,1121.04,1121.04,532.5,532.5,722.51,722.51,1445.01,1445.01,2510,2510,49.49,73,,0,0,0,0,0,true
gen-401,,294.08,294.08,139.69,139.69,342.31,342.31,684.62,684.62,964,964,37.56,38,,0,0,0,0,0,true
gen-402,,9.68,9.68,4.6,4.6,221.4,221.4,442.8,442.8,452,452,9.13,9,,0,0,0,0,0,true
gen-403,,0,0,0,0,405,405,810,810,810,810,0,0,,0,0,0,0,0,true
gen-404,,63.36,63.36,30.1,30.1,215.91,215.91,431.81,431.81,492,492,23.17,23,,0,0,0,0,0,true
gen-405,,0,0,0,0,550,550,1100,1100,1100,1100,0,0,,0,0,0,0,0,true
gen-406,,92.48,92.48,43.93,43.93,218.07,218.07,436.14,436.14,524,524,43.45,43,,0,0,0,0,0,true
gen-407,,1083.2,1083.2,514.52,514.52,280.48,280.48,560.96,560.96,1590,1590,89.14,89,,0,0,0,0,0,true
gen-408,,59.94,59.94,28.47,28.47,108.53,108.53,217.06,217.06,274,274,75.09,75,,0,0,0,0,0,true
gen-409,,51.8,51.8,24.61,24.61,218.4,218.4,436.79,436.79,486,486,19.3,19,,0,0,0,0,0,true
gen-410,,302.4,302.4,143.64,143.64,194.36,194.36,388.72,388.72,676,676,49.76,50,,0,0,0,0,0,true
gen-411,,328.68,328.68,156.13,156.13,494.88,494.88,989.75,989.75,1302,1302,37.42,37,,0,0,0,0,0,true
gen-412,,296.46,296.46,140.82,140.82,138.18,138.18,276.36,276.36,558,558,53.1,53,,0,0,0,0,0,true
gen-413,,0,0,0,0,320,320,640,640,640,640,0,0,,0,0,0,0,0,true
gen-414,,0,0,0,0,96,96,192,192,192,192,0,0,,0,0,0,0,0,true
gen-415,,1340.54,1340.54,636.76,636.76,1629.25,1629.25,3258.49,3258.49,4532,4532,73.17,73,,0,0,0,0,0,true
gen-416,,95.76,95.76,45.48,45.48,395.51,395.51,791.03,791.03,882,882,17.21,17,,0,0,0,0,0,true
gen-417,,176.4,176.4,83.79,83.79,481.21,481.21,962.42,962.42,1130,1130,26.04,26,,0,0,0,0,0,true
gen-418,,379.1,379.1,180.08,180.08,190.93,190.93,381.85,381.85,742,742,84.3,84,,0,0,0,0,0,true
gen-419,,750.24,750.24,356.37,356.37,1253.64,1253.64,2507.27,2507.27,3220,3220,48.01,48,,0,0,0,0,0,true
gen-420,,180.64,180.64,85.81,85.81,218.2,218.2,436.39,436.39,608,608,84.88,85,,0,0,0,0,0,true
gen-421,,679.46,679.46,322.75,322.75,971.26,971.26,1942.51,1942.51,2588,2588,53.6,54,,0,0,0,0,0,true
gen-422,,0,0,0,0,1194,1194,2388,2388,2388,2388,0,0,,0,0,0,0,0,true
gen-423,,51.68,51.68,24.55,24.55,747.45,747.45,1494.9,1494.9,1544,1544,24.28,24,,0,0,0,0,0,true
gen-424,,101.28,101.28,48.11,48.11,147.89,147.89,295.78,295.78,392,392,30,30,,0,0,0,0,0,true
gen-425,,291.56,291.56,138.5,138.5,953.51,953.51,1907.01,1907.01,2184,2184,21.92,22,,0,0,0,0,0,true
gen-426,,38.88,38.88,18.47,18.47,281.53,281.53,563.06,563.06,600,600,7.67,8,,0,0,0,0,0,true
gen-427,,2087.44,2087.44,991.54,991.54,910.46,910.46,1820.93,1820.93,3804,3804,56.22,56,,0,0,0,0,0,true
gen-428,,401.4,401.4,190.67,190.67,425.34,425.34,850.67,850.67,1232,1232,49.48,49,,0,0,0,0,0,true
gen-429,,374.72,374.72,178,178,249.01,249.01,498.01,498.01,854,854,43.86,44,,0,0,0,0,0,true
gen-430,,601.48,601.48,285.71,285.71,66.3,66.3,132.59,132.59,704,704,90,90,,0,0,0,0,0,true
gen-431,,283.22,283.22,134.53,134.53,464.48,464.48,928.95,928.95,1198,1198,23.78,24,,0,0,0,0,0,true
gen-432,,409.68,409.68,194.6,194.6,613.4,613.4,1226.8,1226.8,1616,1616,37.49,37,,0,0,0,0,0,true
gen-433,,34.56,34.56,16.42,16.42,601.59,601.59,1203.17,1203.17,1236,1236,3.43,3,,0,0,0,0,0,true
gen-434,,846,846,401.85,401.85,1124.15,1124.15,2248.3,2248.3,3052,3052,33.16,33,,0,0,0,0,0,true
gen-435,,341.96,341.96,162.44,162.44,707.57,707.57,1415.13,1415.13,1740,1740,90,90,,0,0,0,0,0,true
gen-436,,0,0,0,0,1312,1312,2624,2624,2624,2624,0,0,,0,0,0,0,0,true
gen-437,,655.92,655.92,311.57,311.57,1048.44,1048.44,2096.87,2096.87,2720,2720,38.25,38,,0,0,0,0,0,true
gen-438,,0,0,0,0,1156,1156,2312,2312,2312,2312,0,0,,0,0,0,0,0,true
gen-439,,417.6,417.6,198.36,198.36,33.64,33.64,67.28,67.28,464,464,90,90,,0,0,0,0,0,true
gen-440,,0,0,0,0,464,464,928,928,928,928,0,0,,0,0,0,0,0,true
gen-441,,1001.76,1001.76,475.84,475.84,670.17,670.17,1340.33,1340.33,2292,2292,85.39,85,,0,0,0,0,0,true
gen-442,,1255.8,1255.8,596.51,596.51,718.5,718.5,1436.99,1436.99,2630,2630,90,90,,0,0,0,0,0,true
gen-443,,132.48,132.48,62.93,62.93,49.07,49.07,98.14,98.14,224,224,59.16,59,,0,0,0,0,0,true
gen-444,,865.08,865.08,410.92,410.92,475.09,475.09,950.17,950.17,1772,1772,49.27,49,,0,0,0,0,0,true
gen-445,,630,630,299.25,299.25,120.75,120.75,241.5,241.5,840,840,90,90,,0,0,0,0,0,true
gen-446,,1833.12,1833.12,870.74,870.74,377.26,377.26,754.53,754.53,2496,2496,90,90,,0,0,0,0,0,true
gen-447,,113.1,113.1,53.72,53.72,486.28,486.28,972.56,972.56,1080,1080,28.36,28,,0,0,0,0,0,true
gen-448,,357.08,231.48,169.62,109.96,444.39,288.05,888.77,576.09,1228,796,29.1,29,2,125.6,59.66,156.34,312.68,432,false
gen-449,,411.12,411.12,195.28,195.28,789.73,789.73,1579.44,1579.44,1970,1970,53.77,80,,0,0,0,0,0,true
gen-450,,2281.2,2281.2,1083.57,1083.57,460.43,460.43,920.86,920.86,3088,3088,83.48,95,,0,0,0,0,0,true
gen-451,,818.64,818.64,388.86,388.86,167.15,167.15,334.29,334.29,1112,1112,90,90,,0,0,0,0,0,true
gen-452,,1147.62,1147.62,545.13,545.13,1186.89,1186.89,2373.76,2373.76,3464,3464,39.51,40,,0,0,0,0,0,true
gen-453,,59.4,59.4,28.22,28.22,415.79,415.79,831.57,831.57,888,888,7.41,7,,0,0,0,0,0,true
gen-454,,269.64,269.64,128.09,128.09,1120.94,1120.94,2241.85,2241.85,2498,2498,16.84,17,,0,0,0,0,0,true
gen-455,,777.48,777.48,369.31,369.31,62.7,62.7,125.39,125.39,864,864,90,90,,0,0,0,0,0,true
gen-456,,604.8,604.8,287.28,287.28,160.72,160.72,321.44,321.44,896,896,90,90,,0,0,0,0,0,true
gen-457,,1400.24,499.52,665.11,237.27,191.89,63.73,383.78,127.46,1714,602,90,90,3,900.72,427.84,128.16,256.32,1112,false
gen-458,,515.68,515.68,244.95,244.95,331.05,331.05,662.1,662.1,1152,1152,56.42,80,,0,0,0,0,0,true
gen-459,,668.16,668.16,317.38,317.38,134.63,134.63,269.25,269.25,904,904,82.08,82,,0,0,0,0,0,true
edge income 146436 two under 6,,1560.6,1560.6,741.29,741.29,158.72,158.72,317.43,317.43,1800,1800,78.42,78,,0,0,0,0,0,true
edge income 146437 two under 6,,1560.6,1560.6,741.29,741.29,158.72,158.72,317.43,317.43,1800,1800,78.42,78,,0,0,0,0,0,true
edge income 146438 two under 6,,1560.6,1560.6,741.29,741.29,158.72,158.72,317.43,317.43,1800,1800,78.42,78,,0,0,0,0,0,true
edge income 191436 two under 6,,1344.6,1344.6,638.69,638.69,261.32,261.32,522.63,522.63,1800,1800,69.42,69,,0,0,0,0,0,true
edge income 191437 two under 6,,1344.6,1344.6,638.69,638.69,261.32,261.32,522.63,522.63,1800,1800,69.42,69,,0,0,0,0,0,true
edge income 270725 two under 6,,1201.8,1201.8,570.86,570.86,329.15,329.15,658.29,658.29,1800,1800,53.56,54,,0,0,0,0,0,true
edge income 270726 two under 6,,1201.8,1201.8,570.86,570.86,329.15,329.15,658.29,658.29,1800,1800,53.56,54,,0,0,0,0,0,true
edge income 270727 two under 6,,1201.8,1201.8,570.86,570.86,329.15,329.15,658.29,658.29,1800,1800,53.56,54,,0,0,0,0,0,true
edge income 360725 two under 6,,769.8,769.8,365.66,365.66,534.35,534.35,1068.69,1068.69,1800,1800,35.56,36,,0,0,0,0,0,true
edge income 360726 two under 6,,769.8,769.8,365.66,365.66,534.35,534.35,1068.69,1068.69,1800,1800,35.56,36,,0,0,0,0,0,true
edge income 360727 two under 6,,769.8,769.8,365.66,365.66,534.35,534.35,1068.69,1068.69,1800,1800,35.56,36,,0,0,0,0,0,true
edge income 370725 two under 6,,751.8,751.8,357.1,357.1,542.9,542.9,1085.79,1085.79,1800,1800,33.56,34,,0,0,0,0,0,true
edge income 370726 two under 6,,751.8,751.8,357.1,357.1,542.9,542.9,1085.79,1085.79,1800,1800,33.56,34,,0,0,0,0,0,true
edge income 370727 two under 6,,603.6,603.6,286.7,286.7,613.3,613.3,1226.58,1226.58,1800,1800,33.56,34,,0,0,0,0,0,true
edge income 370728 two under 6,,603.6,603.6,286.7,286.7,613.3,613.3,1226.58,1226.58,1800,1800,33.56,34,,0,0,0,0,0,true